{"cameraMode":{"drawMode":0,"name":"Shaded","section":"Shading Mode"},"sceneLighting":true,"audioPlay":false,"sceneViewState":{"showFog":true,"showMaterialUpdate":false,"showSkybox":true,"showFlares":true,"showImageEffects":true,"showParticleSystems":true},"in2DMode":false,"pivot":{"x":7.798858642578125,"y":-4.3920135498046879,"z":0.0859375},"rotation":{"x":-0.002999965101480484,"y":-0.004499964416027069,"z":-0.000013499934539140668,"w":0.9999853372573853},"size":12.691755294799805,"orthographic":true}